SampleID,Particle_Size,Percent_Finer
BH-10-10_ft,37.5,100.0
BH-10-10_ft,25.0,89.79959869
BH-10-10_ft,19.0,89.79959869
BH-10-10_ft,12.5,87.57805634
BH-10-10_ft,9.5,87.28382111
BH-10-10_ft,4.75,84.90535736
BH-10-10_ft,2.0,66.93206024
BH-10-10_ft,0.84,63.52333069
BH-10-10_ft,0.425,60.36833954
BH-10-10_ft,0.25,57.80904007
BH-10-10_ft,0.15,54.36722183
BH-10-10_ft,0.1,50.53929901
BH-10-10_ft,0.075,47.43946075
BH-10-10_ft,0.022399999,29.56376076
BH-10-10_ft,0.0086,21.33087921
BH-10-10_ft,0.0062,18.03772926
BH-10-10_ft,0.0032,13.67628002
BH-10-10_ft,0.0013,9.77545166
BH-10-25_ft,25.0,100.0
BH-10-25_ft,19.0,94.10932922
BH-10-25_ft,12.5,91.76281738
BH-10-25_ft,9.5,89.15350342
BH-10-25_ft,4.75,83.95739746
BH-10-25_ft,2.0,76.81651306
BH-10-25_ft,0.84,70.19436646
BH-10-25_ft,0.425,65.67711639
BH-10-25_ft,0.25,62.05858994
BH-10-25_ft,0.15,57.99071121
BH-10-25_ft,0.1,54.67964172
BH-10-25_ft,0.075,52.12538147
BH-10-25_ft,0.022,34.40021896
BH-10-25_ft,0.0086,23.28648949
BH-10-25_ft,0.0062,19.80822945
BH-10-25_ft,0.0032,13.9902401
BH-10-25_ft,0.0013,9.248096466
BH-10-45_ft,9.5,100.0
BH-10-45_ft,4.75,95.41371155
BH-10-45_ft,2.0,74.81140137
BH-10-45_ft,0.84,70.02500916
BH-10-45_ft,0.425,65.90846252
BH-10-45_ft,0.25,62.42522812
BH-10-45_ft,0.15,58.62533951
BH-10-45_ft,0.1,55.4344101
BH-10-45_ft,0.075,53.08383942
BH-10-45_ft,0.0219,36.79994965
BH-10-45_ft,0.0085,26.50320053
BH-10-45_ft,0.0061,22.90151024
BH-10-45_ft,0.0031,16.90950012
BH-10-45_ft,0.0013,11.39336967
BH-10-55_ft,25.0,100.0
BH-10-55_ft,19.0,93.86637115
BH-10-55_ft,12.5,81.53440094
BH-10-55_ft,9.5,73.13800812
BH-10-55_ft,4.75,58.84447098
BH-10-55_ft,2.0,38.58906937
BH-10-55_ft,0.84,28.41280937
BH-10-55_ft,0.425,21.55727959
BH-10-55_ft,0.25,18.21208
BH-10-55_ft,0.15,16.02882957
BH-10-55_ft,0.1,14.73233986
BH-10-55_ft,0.075,13.60095978
BH-10-55_ft,0.024800001,6.930716991
BH-10-55_ft,0.0092,4.815156937
BH-10-55_ft,0.0066,3.917813063
BH-10-55_ft,0.0033,2.411360979
BH-10-55_ft,0.0014,1.465062976
BH-10-80_ft,37.5,100.0
BH-10-80_ft,25.0,91.30075836
BH-10-80_ft,19.0,84.35890198
BH-10-80_ft,12.5,84.35890198
BH-10-80_ft,9.5,83.44891357
BH-10-80_ft,4.75,80.38495636
BH-10-80_ft,2.0,72.22839355
BH-10-80_ft,0.84,68.03932953
BH-10-80_ft,0.425,64.62689209
BH-10-80_ft,0.25,61.26152039
BH-10-80_ft,0.15,57.33134079
BH-10-80_ft,0.1,54.38959122
BH-10-80_ft,0.075,52.05971909
BH-10-80_ft,0.0222,33.18486023
BH-10-80_ft,0.0086,22.69187927
BH-10-80_ft,0.0062,19.18376923
BH-10-80_ft,0.0032,14.56896019
BH-10-80_ft,0.0013,9.828836441
BH-10-95_ft,25.0,100.0
BH-10-95_ft,19.0,88.02493286
BH-10-95_ft,12.5,80.10883331
BH-10-95_ft,9.5,74.8861084
BH-10-95_ft,4.75,63.60173035
BH-10-95_ft,2.0,45.80155182
BH-10-95_ft,0.84,41.66865158
BH-10-95_ft,0.425,38.44242096
BH-10-95_ft,0.25,35.05752945
BH-10-95_ft,0.15,31.59708023
BH-10-95_ft,0.1,29.07352066
BH-10-95_ft,0.075,27.6303997
BH-10-95_ft,0.0233,16.05879021
BH-10-95_ft,0.0089,10.4451704
BH-10-95_ft,0.0064,8.942832947
BH-10-95_ft,0.0033,6.353998184
BH-10-95_ft,0.0014,4.080373764
BH-10-105_ft,19.0,100.0
BH-10-105_ft,12.5,96.59977722
BH-10-105_ft,9.5,94.06033325
BH-10-105_ft,4.75,86.65617371
BH-10-105_ft,2.0,61.09804916
BH-10-105_ft,0.84,45.11750031
BH-10-105_ft,0.425,31.6848793
BH-10-105_ft,0.25,24.92779922
BH-10-105_ft,0.15,21.88048935
BH-10-105_ft,0.1,20.20904922
BH-10-105_ft,0.075,18.53762054
BH-10-105_ft,0.0252,8.520586967
BH-10-105_ft,0.0094,4.97256422
BH-10-105_ft,0.0067,3.958842993
BH-10-105_ft,0.0034,2.492577076
BH-10-105_ft,0.0014,1.424540997
BH-10-110_ft,19.0,100.0
BH-10-110_ft,12.5,83.42102814
BH-10-110_ft,9.5,78.05397034
BH-10-110_ft,4.75,62.93724823
BH-10-110_ft,2.0,42.8488884
BH-10-110_ft,0.84,34.36439133
BH-10-110_ft,0.425,28.35100937
BH-10-110_ft,0.25,25.65439034
BH-10-110_ft,0.15,23.61548042
BH-10-110_ft,0.1,22.24367905
BH-10-110_ft,0.075,20.87187958
BH-10-110_ft,0.024800001,10.63988972
BH-10-110_ft,0.0093,6.457036972
BH-10-110_ft,0.0066,5.054402828
BH-10-110_ft,0.0033,3.234325886
BH-10-110_ft,0.0014,1.781589031
BH-10-130_ft,25.0,100.0
BH-10-130_ft,19.0,95.74907684
BH-10-130_ft,12.5,95.74907684
BH-10-130_ft,9.5,94.8956604
BH-10-130_ft,4.75,86.07025909
BH-10-130_ft,2.0,60.10366058
BH-10-130_ft,0.84,55.80442047
BH-10-130_ft,0.425,52.21014023
BH-10-130_ft,0.25,49.16194916
BH-10-130_ft,0.15,45.93503952
BH-10-130_ft,0.1,43.44287109
BH-10-130_ft,0.075,41.73508072
BH-10-130_ft,0.022,28.90467072
BH-10-130_ft,0.0085,21.06719017
BH-10-130_ft,0.0061,18.11827087
BH-10-130_ft,0.0031,13.72120953
BH-10-130_ft,0.0013,9.271479607
BH-10-165_ft,19.0,100.0
BH-10-165_ft,12.5,97.37947083
BH-10-165_ft,9.5,88.89692688
BH-10-165_ft,4.75,72.62702179
BH-10-165_ft,2.0,44.19958115
BH-10-165_ft,0.84,36.09672928
BH-10-165_ft,0.425,32.14331818
BH-10-165_ft,0.25,29.9542408
BH-10-165_ft,0.15,28.11639977
BH-10-165_ft,0.1,26.53993988
BH-10-165_ft,0.075,25.30653954
BH-10-165_ft,0.023700001,15.32429028
BH-10-165_ft,0.0091,9.244914055
BH-10-165_ft,0.0065,8.050754547
BH-10-165_ft,0.0033,6.067727089
BH-10-165_ft,0.0014,4.403129101
BH-10-180_ft,9.5,100.0
BH-10-180_ft,4.75,97.53601837
BH-10-180_ft,2.0,82.04355621
BH-10-180_ft,0.84,67.25686646
BH-10-180_ft,0.425,55.7833786
BH-10-180_ft,0.25,46.26099014
BH-10-180_ft,0.15,40.05181122
BH-10-180_ft,0.1,36.99629974
BH-10-180_ft,0.075,35.2906189
BH-10-180_ft,0.044500001,34.41056824
BH-10-180_ft,0.0317,33.194561
BH-10-180_ft,0.022500001,32.89056015
BH-10-180_ft,0.016000001,31.97855949
BH-10-180_ft,0.0117,30.79513931
BH-10-180_ft,0.0084,28.97113037
BH-10-180_ft,0.006,25.93112946
BH-10-180_ft,0.0031,19.24311066
BH-10-180_ft,0.0013,12.90248013
BH-10-200_ft,19.0,100.0
BH-10-200_ft,12.5,97.99836731
BH-10-200_ft,9.5,93.04562378
BH-10-200_ft,4.75,82.61406708
BH-10-200_ft,2.0,54.85216904
BH-10-200_ft,0.84,46.10998917
BH-10-200_ft,0.425,41.52486038
BH-10-200_ft,0.25,38.25247955
BH-10-200_ft,0.15,35.09426117
BH-10-200_ft,0.1,33.2012291
BH-10-200_ft,0.075,31.74578094
BH-10-200_ft,0.0482,15.88586998
BH-10-200_ft,0.034299999,14.94017029
BH-10-200_ft,0.0243,14.46732998
BH-10-200_ft,0.0175,12.10309029
BH-10-200_ft,0.0128,11.15740013
BH-10-200_ft,0.0091,9.76418972
BH-10-200_ft,0.0065,9.291342735
BH-10-200_ft,0.0033,7.872800827
BH-10-200_ft,0.0014,5.778730869
BH-10-235_ft,9.5,100.0
BH-10-235_ft,4.75,98.73462677
BH-10-235_ft,2.0,87.3081131
BH-10-235_ft,0.84,82.99616241
BH-10-235_ft,0.425,77.76708221
BH-10-235_ft,0.25,71.21018982
BH-10-235_ft,0.15,63.47608185
BH-10-235_ft,0.1,58.43864059
BH-10-235_ft,0.075,54.26358032
BH-10-235_ft,0.042800002,44.76334
BH-10-235_ft,0.0307,42.04204941
BH-10-235_ft,0.0222,37.96010971
BH-10-235_ft,0.015900001,35.27378845
BH-10-235_ft,0.0119,31.15689087
BH-10-235_ft,0.0085,28.47056007
BH-10-235_ft,0.0061,24.38862038
BH-10-235_ft,0.0032,18.33566093
BH-10-235_ft,0.0013,10.53738976
BH-10-255_ft,9.5,100.0
BH-10-255_ft,4.75,97.81031036
BH-10-255_ft,2.0,83.55618286
BH-10-255_ft,0.84,79.5548172
BH-10-255_ft,0.425,74.65248108
BH-10-255_ft,0.25,68.7961731
BH-10-255_ft,0.15,61.44266891
BH-10-255_ft,0.1,56.55358124
BH-10-255_ft,0.075,52.2607193
BH-10-255_ft,0.043099999,42.0446701
BH-10-255_ft,0.0309,39.41064835
BH-10-255_ft,0.0221,37.43513107
BH-10-255_ft,0.015900001,34.14260101
BH-10-255_ft,0.0118,31.50857925
BH-10-255_ft,0.0085,27.55754089
BH-10-255_ft,0.0061,23.60651016
BH-10-255_ft,0.0031,18.40616035
BH-10-255_ft,0.0013,14.21819019
BH-11-5_ft,9.5,100.0
BH-11-5_ft,4.75,95.67436218
BH-11-5_ft,2.0,90.39845276
BH-11-5_ft,0.84,85.64553833
BH-11-5_ft,0.425,82.35617828
BH-11-5_ft,0.25,79.12478638
BH-11-5_ft,0.15,74.74862671
BH-11-5_ft,0.1,70.58984375
BH-11-5_ft,0.075,67.41641235
BH-11-5_ft,0.0217,45.11936951
BH-11-5_ft,0.0084,32.94606018
BH-11-5_ft,0.0061,28.63602066
BH-11-5_ft,0.0031,22.24791908
BH-11-5_ft,0.0013,14.98754025
BH-11-15_ft,25.0,100.0
BH-11-15_ft,19.0,93.00935364
BH-11-15_ft,12.5,90.49488831
BH-11-15_ft,9.5,86.55783081
BH-11-15_ft,4.75,83.54501343
BH-11-15_ft,2.0,76.33689117
BH-11-15_ft,0.84,71.43943787
BH-11-15_ft,0.425,68.10662079
BH-11-15_ft,0.25,65.40984344
BH-11-15_ft,0.15,61.8989296
BH-11-15_ft,0.1,58.66788101
BH-11-15_ft,0.075,55.18241119
BH-11-15_ft,0.022500001,33.38819885
BH-11-15_ft,0.0086,24.53702927
BH-11-15_ft,0.0062,22.04199982
BH-11-15_ft,0.0032,16.4197197
BH-11-15_ft,0.0013,11.92638016
BH-11-25_ft,19.0,100.0
BH-11-25_ft,12.5,98.47109985
BH-11-25_ft,9.5,96.14998627
BH-11-25_ft,4.75,92.30738831
BH-11-25_ft,2.0,83.49310303
BH-11-25_ft,0.84,74.81025696
BH-11-25_ft,0.425,68.45118713
BH-11-25_ft,0.25,64.65245819
BH-11-25_ft,0.15,59.60137939
BH-11-25_ft,0.1,55.46868896
BH-11-25_ft,0.075,52.11521912
BH-11-25_ft,0.023,31.46838951
BH-11-25_ft,0.0088,22.5383606
BH-11-25_ft,0.0063,18.45362091
BH-11-25_ft,0.0032,14.4056797
BH-11-25_ft,0.0013,10.93424988
BH-11-30_ft,19.0,100.0
BH-11-30_ft,12.5,98.66805267
BH-11-30_ft,9.5,95.68718719
BH-11-30_ft,4.75,89.58508301
BH-11-30_ft,2.0,82.76481628
BH-11-30_ft,0.84,75.8793335
BH-11-30_ft,0.425,71.44889832
BH-11-30_ft,0.25,67.80861664
BH-11-30_ft,0.15,63.29354095
BH-11-30_ft,0.1,59.06064987
BH-11-30_ft,0.075,54.50323868
BH-11-30_ft,0.0427,44.56404114
BH-11-30_ft,0.0309,40.45877075
BH-11-30_ft,0.0222,37.72193146
BH-11-30_ft,0.016100001,32.93244934
BH-11-30_ft,0.0119,29.51140022
BH-11-30_ft,0.0086,26.09033966
BH-11-30_ft,0.0061,24.03771019
BH-11-30_ft,0.0031,18.74732018
BH-11-30_ft,0.0013,14.53207016
BH-11-40_ft,37.5,100.0
BH-11-40_ft,25.0,87.66124725
BH-11-40_ft,19.0,83.66977692
BH-11-40_ft,12.5,78.94142914
BH-11-40_ft,9.5,73.10365295
BH-11-40_ft,4.75,57.09275055
BH-11-40_ft,2.0,40.78710175
BH-11-40_ft,0.84,32.70161057
BH-11-40_ft,0.425,24.73152924
BH-11-40_ft,0.25,19.87072945
BH-11-40_ft,0.15,17.16877937
BH-11-40_ft,0.1,15.47157001
BH-11-40_ft,0.075,14.02554989
BH-11-40_ft,0.0473,12.46199036
BH-11-40_ft,0.0339,11.11369991
BH-11-40_ft,0.0242,10.12053967
BH-11-40_ft,0.017200001,9.109324455
BH-11-40_ft,0.0127,8.266643524
BH-11-40_ft,0.009,7.42396307
BH-11-40_ft,0.0064,6.430807114
BH-11-40_ft,0.0033,5.100577831
BH-11-40_ft,0.0013,3.680047035
BH-11-70_ft,25.0,100.0
BH-11-70_ft,19.0,94.47020721
BH-11-70_ft,12.5,87.60353851
BH-11-70_ft,9.5,84.14742279
BH-11-70_ft,4.75,66.98454285
BH-11-70_ft,2.0,53.45629883
BH-11-70_ft,0.84,42.7987709
BH-11-70_ft,0.425,33.90420914
BH-11-70_ft,0.25,26.09045982
BH-11-70_ft,0.15,22.1835804
BH-11-70_ft,0.1,20.27000999
BH-11-70_ft,0.075,18.56019974
BH-11-70_ft,0.048,14.50842953
BH-11-70_ft,0.034299999,13.18618965
BH-11-70_ft,0.0243,12.76904964
BH-11-70_ft,0.0174,10.56530952
BH-11-70_ft,0.0128,9.243061066
BH-11-70_ft,0.0091,8.802311897
BH-11-70_ft,0.0065,7.503681183
BH-11-70_ft,0.0033,5.78791523
BH-11-70_ft,0.0013,5.229090214
BH-11-90_ft,9.5,100.0
BH-11-90_ft,4.75,94.65927887
BH-11-90_ft,2.0,86.54868317
BH-11-90_ft,0.84,79.83547211
BH-11-90_ft,0.425,74.87669373
BH-11-90_ft,0.25,70.17888641
BH-11-90_ft,0.15,65.27809906
BH-11-90_ft,0.1,61.72574997
BH-11-90_ft,0.075,58.12990952
BH-11-90_ft,0.042300001,49.37828064
BH-11-90_ft,0.030200001,47.22716141
BH-11-90_ft,0.0219,42.92491913
BH-11-90_ft,0.015699999,39.3781395
BH-11-90_ft,0.0117,35.79294968
BH-11-90_ft,0.0084,32.20774841
BH-11-90_ft,0.0061,27.94392967
BH-11-90_ft,0.0031,22.28445053
BH-11-90_ft,0.0013,16.35603905
BH-11-95_ft,25.0,100.0
BH-11-95_ft,19.0,92.70726776
BH-11-95_ft,12.5,91.03955078
BH-11-95_ft,9.5,82.14370728
BH-11-95_ft,4.75,66.58911896
BH-11-95_ft,2.0,48.74898911
BH-11-95_ft,0.84,37.41352844
BH-11-95_ft,0.425,30.18972015
BH-11-95_ft,0.25,25.94805908
BH-11-95_ft,0.15,22.98214912
BH-11-95_ft,0.1,21.16197968
BH-11-95_ft,0.075,19.30929947
BH-11-95_ft,0.0471,15.68062973
BH-11-95_ft,0.033799998,14.06674004
BH-11-95_ft,0.0242,12.45283985
BH-11-95_ft,0.017200001,11.64589977
BH-11-95_ft,0.0126,10.83895016
BH-11-95_ft,0.009,9.628531456
BH-11-95_ft,0.0064,8.036254883
BH-11-95_ft,0.0032,6.890688896
BH-11-95_ft,0.0013,5.168704987
BH-11-100_ft,9.5,100.0
BH-11-100_ft,4.75,96.19988251
BH-11-100_ft,2.0,88.79412842
BH-11-100_ft,0.84,81.66004181
BH-11-100_ft,0.425,76.74049377
BH-11-100_ft,0.25,72.10334015
BH-11-100_ft,0.15,67.03515625
BH-11-100_ft,0.1,62.39801025
BH-11-100_ft,0.075,60.46585846
BH-11-100_ft,0.0418,52.11410904
BH-11-100_ft,0.029899999,49.91122055
BH-11-100_ft,0.021500001,46.9740181
BH-11-100_ft,0.0156,42.56822968
BH-11-100_ft,0.0116,38.89673996
BH-11-100_ft,0.0083,35.26457977
BH-11-100_ft,0.006,30.12449074
BH-11-100_ft,0.0031,24.32879066
BH-11-100_ft,0.0013,18.9919796
BH-11-160_ft,9.5,100.0
BH-11-160_ft,4.75,98.39694214
BH-11-160_ft,2.0,87.33056641
BH-11-160_ft,0.84,81.91934204
BH-11-160_ft,0.425,76.99075317
BH-11-160_ft,0.25,70.42414856
BH-11-160_ft,0.15,62.8923111
BH-11-160_ft,0.1,58.08071136
BH-11-160_ft,0.075,53.95647812
BH-11-160_ft,0.043099999,45.67554855
BH-11-160_ft,0.0308,43.50138092
BH-11-160_ft,0.022299999,39.15304184
BH-11-160_ft,0.016100001,34.80469894
BH-11-160_ft,0.0119,31.9058094
BH-11-160_ft,0.0086,28.28219986
BH-11-160_ft,0.0062,23.97269058
BH-11-160_ft,0.0032,18.2137394
BH-11-160_ft,0.0013,12.26062965
BH-11-180_ft,19.0,100.0
BH-11-180_ft,12.5,98.6210022
BH-11-180_ft,9.5,97.29427338
BH-11-180_ft,4.75,94.36338806
BH-11-180_ft,2.0,87.84229279
BH-11-180_ft,0.84,79.87132263
BH-11-180_ft,0.425,72.52696228
BH-11-180_ft,0.25,64.77458191
BH-11-180_ft,0.15,56.51216888
BH-11-180_ft,0.1,50.27529144
BH-11-180_ft,0.075,42.77062988
BH-11-180_ft,0.046,32.61621094
BH-11-180_ft,0.033199999,28.27495003
BH-11-180_ft,0.0239,23.93368912
BH-11-180_ft,0.017100001,21.03951073
BH-11-180_ft,0.0126,18.86887932
BH-11-180_ft,0.009,16.69824982
BH-11-180_ft,0.0064,14.52762032
BH-11-180_ft,0.0032,11.67220974
BH-11-180_ft,0.0013,9.346508026
BH-11-185_ft,25.0,100.0
BH-11-185_ft,19.0,95.64320374
BH-11-185_ft,12.5,93.90131378
BH-11-185_ft,9.5,91.55407715
BH-11-185_ft,4.75,78.76371002
BH-11-185_ft,2.0,57.65507889
BH-11-185_ft,0.84,47.3064003
BH-11-185_ft,0.425,36.57371902
BH-11-185_ft,0.25,29.00900078
BH-11-185_ft,0.15,23.46026993
BH-11-185_ft,0.1,20.50349998
BH-11-185_ft,0.075,18.60272026
BH-11-185_ft,0.0243,13.82464981
BH-11-185_ft,0.0091,10.45878983
BH-11-185_ft,0.0065,9.478853226
BH-11-185_ft,0.0033,7.570113182
BH-11-185_ft,0.0013,5.63580513
BH-11-195_ft,9.5,100.0
BH-11-195_ft,4.75,96.79141998
BH-11-195_ft,2.0,87.73445892
BH-11-195_ft,0.84,83.45085907
BH-11-195_ft,0.425,78.12880707
BH-11-195_ft,0.25,73.19618225
BH-11-195_ft,0.15,67.90297699
BH-11-195_ft,0.1,64.10975647
BH-11-195_ft,0.075,60.85018921
BH-11-195_ft,0.0218,43.79322052
BH-11-195_ft,0.0086,28.70976067
BH-11-195_ft,0.0062,22.92519951
BH-11-195_ft,0.0032,15.02433014
BH-11-195_ft,0.0013,9.162800789
BH-11-210_ft,50.0,100.0
BH-11-210_ft,37.5,90.7755127
BH-11-210_ft,25.0,90.7755127
BH-11-210_ft,19.0,87.33482361
BH-11-210_ft,12.5,76.05964661
BH-11-210_ft,9.5,69.32991791
BH-11-210_ft,4.75,57.1954689
BH-11-210_ft,2.0,47.5557785
BH-11-210_ft,0.84,37.82738876
BH-11-210_ft,0.425,29.97225952
BH-11-210_ft,0.25,25.55670929
BH-11-210_ft,0.15,22.5893898
BH-11-210_ft,0.1,20.6925106
BH-11-210_ft,0.075,18.92943954
BH-11-210_ft,0.024,12.55274963
BH-11-210_ft,0.0091,8.612056732
BH-11-210_ft,0.0065,7.436150074
BH-11-210_ft,0.0033,5.847270966
BH-11-210_ft,0.0014,4.237390995
BH-11-230_ft,19.0,100.0
BH-11-230_ft,12.5,94.56249237
BH-11-230_ft,9.5,92.47395325
BH-11-230_ft,4.75,87.20610809
BH-11-230_ft,2.0,78.47619629
BH-11-230_ft,0.84,73.59760284
BH-11-230_ft,0.425,69.38604736
BH-11-230_ft,0.25,64.02351379
BH-11-230_ft,0.15,54.2793808
BH-11-230_ft,0.1,46.73257828
BH-11-230_ft,0.075,40.40216827
BH-11-230_ft,0.024499999,16.2999897
BH-11-230_ft,0.0093,9.100214958
BH-11-230_ft,0.0066,8.413962364
BH-11-230_ft,0.0033,6.459905148
BH-11-230_ft,0.0014,4.436048985
BH-12-5_ft,25.0,100.0
BH-12-5_ft,19.0,94.26525879
BH-12-5_ft,12.5,94.26525879
BH-12-5_ft,9.5,92.62856293
BH-12-5_ft,4.75,86.45847321
BH-12-5_ft,2.0,76.13593292
BH-12-5_ft,0.84,71.30835724
BH-12-5_ft,0.425,67.06672668
BH-12-5_ft,0.25,63.27090073
BH-12-5_ft,0.15,58.9018898
BH-12-5_ft,0.1,55.09333038
BH-12-5_ft,0.075,51.29751968
BH-12-5_ft,0.0219,37.2621994
BH-12-5_ft,0.0085,26.49633026
BH-12-5_ft,0.0061,23.33983994
BH-12-5_ft,0.0031,18.25564003
BH-12-5_ft,0.0013,13.13761997
BH-12-30_ft,19.0,100.0
BH-12-30_ft,12.5,94.61815643
BH-12-30_ft,9.5,94.61815643
BH-12-30_ft,4.75,87.92455292
BH-12-30_ft,2.0,73.78433228
BH-12-30_ft,0.84,68.19740295
BH-12-30_ft,0.425,64.36636353
BH-12-30_ft,0.25,61.2843399
BH-12-30_ft,0.15,57.37963104
BH-12-30_ft,0.1,54.13798141
BH-12-30_ft,0.075,51.08050919
BH-12-30_ft,0.0218,37.18518829
BH-12-30_ft,0.0084,28.04556084
BH-12-30_ft,0.0061,24.3766098
BH-12-30_ft,0.0031,19.51742935
BH-12-30_ft,0.0013,15.78293991
BH-12-60_ft,50.0,100.0
BH-12-60_ft,37.5,92.91825104
BH-12-60_ft,25.0,92.91825104
BH-12-60_ft,19.0,89.87167358
BH-12-60_ft,12.5,79.35836792
BH-12-60_ft,9.5,71.63023376
BH-12-60_ft,4.75,57.34077835
BH-12-60_ft,2.0,38.92823029
BH-12-60_ft,0.84,36.62395096
BH-12-60_ft,0.425,34.3325386
BH-12-60_ft,0.25,31.28161049
BH-12-60_ft,0.15,27.40681076
BH-12-60_ft,0.1,24.69702911
BH-12-60_ft,0.075,23.21018982
BH-12-60_ft,0.047600001,12.05109024
BH-12-60_ft,0.0339,11.10663986
BH-12-60_ft,0.0242,10.14501953
BH-12-60_ft,0.0174,8.542320251
BH-12-60_ft,0.0128,7.901239872
BH-12-60_ft,0.0091,6.939620018
BH-12-60_ft,0.0065,6.298540115
BH-12-60_ft,0.0033,5.336919785
BH-12-60_ft,0.0014,3.917363882
BH-12-80_ft,37.5,100.0
BH-12-80_ft,25.0,91.55523682
BH-12-80_ft,19.0,86.47801971
BH-12-80_ft,12.5,81.26132202
BH-12-80_ft,9.5,78.37599945
BH-12-80_ft,4.75,70.96341705
BH-12-80_ft,2.0,54.88291168
BH-12-80_ft,0.84,42.22776031
BH-12-80_ft,0.425,34.94007874
BH-12-80_ft,0.25,29.83778954
BH-12-80_ft,0.15,25.50358009
BH-12-80_ft,0.1,23.09873962
BH-12-80_ft,0.075,21.59914017
BH-12-80_ft,0.046,21.36411095
BH-12-80_ft,0.032600001,21.13755035
BH-12-80_ft,0.0231,20.9109993
BH-12-80_ft,0.0164,20.45788956
BH-12-80_ft,0.0121,18.87199974
BH-12-80_ft,0.0087,17.08382988
BH-12-80_ft,0.0062,15.70022011
BH-12-80_ft,0.0032,12.52842999
BH-12-80_ft,0.0013,9.615543365
BH-12-85_ft,50.0,100.0
BH-12-85_ft,37.5,82.98634338
BH-12-85_ft,25.0,76.59242249
BH-12-85_ft,19.0,68.36937714
BH-12-85_ft,12.5,54.7772789
BH-12-85_ft,9.5,50.05379868
BH-12-85_ft,4.75,39.28071976
BH-12-85_ft,2.0,24.75790977
BH-12-85_ft,0.84,20.69211006
BH-12-85_ft,0.425,18.00724983
BH-12-85_ft,0.25,15.85606003
BH-12-85_ft,0.15,13.48480988
BH-12-85_ft,0.1,12.02684021
BH-12-85_ft,0.075,11.02552032
BH-12-85_ft,0.048,9.493608475
BH-12-85_ft,0.0341,8.945632935
BH-12-85_ft,0.0244,8.123670578
BH-12-85_ft,0.0175,6.753733158
BH-12-85_ft,0.0129,6.205758095
BH-12-85_ft,0.0091,5.657783031
BH-12-85_ft,0.0065,5.124486923
BH-12-85_ft,0.0033,4.013856888
BH-12-85_ft,0.0014,3.074451923
BH-12-95_ft,25.0,100.0
BH-12-95_ft,19.0,95.61605835
BH-12-95_ft,12.5,95.61605835
BH-12-95_ft,9.5,95.61605835
BH-12-95_ft,4.75,86.23866272
BH-12-95_ft,2.0,61.83123016
BH-12-95_ft,0.84,51.6135788
BH-12-95_ft,0.425,46.30905151
BH-12-95_ft,0.25,42.72462845
BH-12-95_ft,0.15,39.63460922
BH-12-95_ft,0.1,37.59519958
BH-12-95_ft,0.075,35.75149155
BH-12-95_ft,0.044300001,30.02901077
BH-12-95_ft,0.031500001,29.03060913
BH-12-95_ft,0.022600001,27.2353096
BH-12-95_ft,0.0163,24.41412926
BH-12-95_ft,0.012,22.87529945
BH-12-95_ft,0.0086,20.3105793
BH-12-95_ft,0.0062,18.28628922
BH-12-95_ft,0.0032,14.72317982
BH-12-95_ft,0.0013,10.42724991
BH-12-105_ft,9.5,100.0
BH-12-105_ft,4.75,97.14675903
BH-12-105_ft,2.0,90.85942841
BH-12-105_ft,0.84,85.14750671
BH-12-105_ft,0.425,80.31313324
BH-12-105_ft,0.25,75.52661133
BH-12-105_ft,0.15,70.43694305
BH-12-105_ft,0.1,66.76727295
BH-12-105_ft,0.075,63.24119949
BH-12-105_ft,0.041700002,55.03728104
BH-12-105_ft,0.029899999,51.94234848
BH-12-105_ft,0.021600001,48.03221893
BH-12-105_ft,0.0156,44.16353989
BH-12-105_ft,0.0116,39.52114105
BH-12-105_ft,0.0084,35.65246964
BH-12-105_ft,0.006,31.05151939
BH-12-105_ft,0.0031,25.75974083
BH-12-105_ft,0.0013,18.67176056
BH-12-135_ft,9.5,100.0
BH-12-135_ft,4.75,97.44180298
BH-12-135_ft,2.0,86.25393677
BH-12-135_ft,0.84,81.1734314
BH-12-135_ft,0.425,77.05448151
BH-12-135_ft,0.25,72.69155121
BH-12-135_ft,0.15,67.32401276
BH-12-135_ft,0.1,63.39162064
BH-12-135_ft,0.075,59.76063919
BH-12-135_ft,0.0425,48.41904068
BH-12-135_ft,0.0307,44.84545898
BH-12-135_ft,0.0221,41.2718811
BH-12-135_ft,0.016100001,35.55414963
BH-12-135_ft,0.012,31.30257988
BH-12-135_ft,0.0086,27.01428032
BH-12-135_ft,0.0062,23.12008095
BH-12-135_ft,0.0032,18.54788971
BH-12-135_ft,0.0013,13.92897034
BH-12-170_ft,19.0,100.0
BH-12-170_ft,12.5,97.54680634
BH-12-170_ft,9.5,96.24893188
BH-12-170_ft,4.75,94.44467926
BH-12-170_ft,2.0,91.08690643
BH-12-170_ft,0.84,86.43183899
BH-12-170_ft,0.425,82.63269806
BH-12-170_ft,0.25,77.84248352
BH-12-170_ft,0.15,71.28032684
BH-12-170_ft,0.1,64.88336182
BH-12-170_ft,0.075,58.30619049
BH-12-170_ft,0.043000001,47.68980026
BH-12-170_ft,0.031599998,40.22660065
BH-12-170_ft,0.023,34.25605011
BH-12-170_ft,0.0167,28.28549957
BH-12-170_ft,0.0124,23.80758095
BH-12-170_ft,0.009,19.32966995
BH-12-170_ft,0.0064,14.85175037
BH-12-170_ft,0.0033,11.90484047
BH-12-170_ft,0.0014,8.689394951
BH-12-200_ft,25.0,100.0
BH-12-200_ft,19.0,94.34947205
BH-12-200_ft,12.5,92.90484619
BH-12-200_ft,9.5,90.11467743
BH-12-200_ft,4.75,79.47402191
BH-12-200_ft,2.0,58.84897995
BH-12-200_ft,0.84,43.82387924
BH-12-200_ft,0.425,35.94438934
BH-12-200_ft,0.25,32.5357399
BH-12-200_ft,0.15,30.13134003
BH-12-200_ft,0.1,28.22905922
BH-12-200_ft,0.075,26.98340988
BH-12-200_ft,0.0451,24.46619987
BH-12-200_ft,0.032099999,23.50720978
BH-12-200_ft,0.023,21.58922958
BH-12-200_ft,0.0166,19.19174957
BH-12-200_ft,0.0122,17.27376938
BH-12-200_ft,0.0088,14.42247963
BH-12-200_ft,0.0063,12.02499962
BH-12-200_ft,0.0032,8.694220543
BH-12-200_ft,0.0013,6.673470974
BH-12-205_ft,19.0,100.0
BH-12-205_ft,12.5,90.4493866
BH-12-205_ft,9.5,90.4493866
BH-12-205_ft,4.75,89.52871704
BH-12-205_ft,2.0,88.74669647
BH-12-205_ft,0.84,86.52844238
BH-12-205_ft,0.425,82.90528107
BH-12-205_ft,0.25,77.56667328
BH-12-205_ft,0.15,69.01896667
BH-12-205_ft,0.1,60.81140137
BH-12-205_ft,0.075,52.76651001
BH-12-205_ft,0.0449,38.93360901
BH-12-205_ft,0.032600001,33.04769897
BH-12-205_ft,0.023499999,28.63326073
BH-12-205_ft,0.017000001,24.21883011
BH-12-205_ft,0.0126,20.17226028
BH-12-205_ft,0.009,17.63660049
BH-12-205_ft,0.0064,14.69363976
BH-12-205_ft,0.0032,11.82952023
BH-12-205_ft,0.0013,8.689462662
BH-13-5_ft,25.0,100.0
BH-13-5_ft,19.0,92.51042175
BH-13-5_ft,12.5,83.99198914
BH-13-5_ft,9.5,78.3556366
BH-13-5_ft,4.75,67.6836319
BH-13-5_ft,2.0,56.1297493
BH-13-5_ft,0.84,49.29296112
BH-13-5_ft,0.425,44.15768051
BH-13-5_ft,0.25,41.33982086
BH-13-5_ft,0.15,39.03010178
BH-13-5_ft,0.1,36.78966904
BH-13-5_ft,0.075,34.1950798
BH-13-5_ft,0.040899999,29.02668953
BH-13-5_ft,0.0297,26.55771065
BH-13-5_ft,0.021400001,24.84841919
BH-13-5_ft,0.0152,24.46858025
BH-13-5_ft,0.0112,23.51897049
BH-13-5_ft,0.0081,21.42984009
BH-13-5_ft,0.0058,19.74090004
BH-13-5_ft,0.003,16.82427025
BH-13-5_ft,0.0012,14.42310047
BH-13-10_ft,25.0,100.0
BH-13-10_ft,19.0,87.4837265
BH-13-10_ft,12.5,83.85691833
BH-13-10_ft,9.5,78.32293701
BH-13-10_ft,4.75,67.94525146
BH-13-10_ft,2.0,56.86534119
BH-13-10_ft,0.84,48.93759918
BH-13-10_ft,0.425,45.09183884
BH-13-10_ft,0.25,41.92641068
BH-13-10_ft,0.15,36.61605072
BH-13-10_ft,0.1,29.70881081
BH-13-10_ft,0.075,22.58423996
BH-13-10_ft,0.0484,13.67230988
BH-13-10_ft,0.0348,10.85638046
BH-13-10_ft,0.024800001,9.917730331
BH-13-10_ft,0.0176,8.979084015
BH-13-10_ft,0.0129,8.040438652
BH-13-10_ft,0.0092,7.336453915
BH-13-10_ft,0.0065,6.163146973
BH-13-10_ft,0.0033,5.140717983
BH-13-10_ft,0.0014,4.235562801
BH-13-20_ft,25.0,100.0
BH-13-20_ft,19.0,91.26196289
BH-13-20_ft,12.5,85.92736053
BH-13-20_ft,9.5,84.05832672
BH-13-20_ft,4.75,76.63482666
BH-13-20_ft,2.0,66.86428833
BH-13-20_ft,0.84,59.06206894
BH-13-20_ft,0.425,54.21506882
BH-13-20_ft,0.25,49.83821869
BH-13-20_ft,0.15,43.50241852
BH-13-20_ft,0.1,38.4539299
BH-13-20_ft,0.075,33.56214905
BH-13-20_ft,0.045699999,25.49156952
BH-13-20_ft,0.033,22.17995071
BH-13-20_ft,0.023700001,19.42025948
BH-13-20_ft,0.016899999,17.76444054
BH-13-20_ft,0.0125,16.38459969
BH-13-20_ft,0.0089,15.31029987
BH-13-20_ft,0.0063,13.65447998
BH-13-20_ft,0.0032,11.81142044
BH-13-20_ft,0.0013,9.396655083
BH-13-40_ft,12.5,100.0
BH-13-40_ft,9.5,97.87460327
BH-13-40_ft,4.75,94.68250275
BH-13-40_ft,2.0,89.7924881
BH-13-40_ft,0.84,85.39627838
BH-13-40_ft,0.425,81.42897034
BH-13-40_ft,0.25,76.98680878
BH-13-40_ft,0.15,73.44838715
BH-13-40_ft,0.1,70.29292297
BH-13-40_ft,0.075,66.60133362
BH-13-40_ft,0.041900001,51.68529892
BH-13-40_ft,0.030099999,48.34767914
BH-13-40_ft,0.0218,43.89751816
BH-13-40_ft,0.015699999,40.22879028
BH-13-40_ft,0.0117,35.77864075
BH-13-40_ft,0.0084,32.07017899
BH-13-40_ft,0.006,28.7325592
BH-13-40_ft,0.0031,22.58712959
BH-13-40_ft,0.0013,16.70651054
BH-13-45_ft,19.0,100.0
BH-13-45_ft,12.5,98.59181976
BH-13-45_ft,9.5,98.59181976
BH-13-45_ft,4.75,95.09381866
BH-13-45_ft,2.0,87.84474945
BH-13-45_ft,0.84,82.01625824
BH-13-45_ft,0.425,76.93309784
BH-13-45_ft,0.25,71.14932251
BH-13-45_ft,0.15,64.8587265
BH-13-45_ft,0.1,60.26747894
BH-13-45_ft,0.075,56.58554077
BH-13-45_ft,0.043200001,44.93983078
BH-13-45_ft,0.031300001,40.20848846
BH-13-45_ft,0.022500001,36.56900024
BH-13-45_ft,0.0162,32.56555939
BH-13-45_ft,0.012,30.01791
BH-13-45_ft,0.0086,27.83422089
BH-13-45_ft,0.0061,24.96162987
BH-13-45_ft,0.0031,19.25543976
BH-13-45_ft,0.0013,15.30393982
BH-13-60_ft,19.0,100.0
BH-13-60_ft,12.5,98.66577911
BH-13-60_ft,9.5,97.64884186
BH-13-60_ft,4.75,94.34584045
BH-13-60_ft,2.0,87.03204346
BH-13-60_ft,0.84,81.41177368
BH-13-60_ft,0.425,76.60495758
BH-13-60_ft,0.25,71.41359711
BH-13-60_ft,0.15,65.71938324
BH-13-60_ft,0.1,62.30284119
BH-13-60_ft,0.075,58.23553085
BH-13-60_ft,0.042300001,47.99412155
BH-13-60_ft,0.0307,43.31977844
BH-13-60_ft,0.022,40.48178864
BH-13-60_ft,0.015900001,36.16701126
BH-13-60_ft,0.0118,33.2904892
BH-13-60_ft,0.0085,29.69483948
BH-13-60_ft,0.0061,26.13772011
BH-13-60_ft,0.0031,20.46175003
BH-13-60_ft,0.0013,15.15812016
BH-13-75_ft,19.0,100.0
BH-13-75_ft,12.5,95.0147934
BH-13-75_ft,9.5,92.63361359
BH-13-75_ft,4.75,87.03175354
BH-13-75_ft,2.0,79.52047729
BH-13-75_ft,0.84,73.78610992
BH-13-75_ft,0.425,68.66177368
BH-13-75_ft,0.25,62.92737961
BH-13-75_ft,0.15,57.88438034
BH-13-75_ft,0.1,54.18347168
BH-13-75_ft,0.075,50.40121841
BH-13-75_ft,0.043200001,40.43421936
BH-13-75_ft,0.031399999,35.81637955
BH-13-75_ft,0.022399999,33.50746918
BH-13-75_ft,0.016100001,30.53886032
BH-13-75_ft,0.012,27.57025909
BH-13-75_ft,0.0086,24.63699913
BH-13-75_ft,0.0061,21.99823952
BH-13-75_ft,0.0031,17.8162899
BH-13-75_ft,0.0013,12.58584976
BH-13-95_ft,19.0,100.0
BH-13-95_ft,12.5,97.32801056
BH-13-95_ft,9.5,96.70200348
BH-13-95_ft,4.75,91.76644897
BH-13-95_ft,2.0,83.98332214
BH-13-95_ft,0.84,78.20456696
BH-13-95_ft,0.425,72.98922729
BH-13-95_ft,0.25,68.35178375
BH-13-95_ft,0.15,63.97438049
BH-13-95_ft,0.1,61.40282822
BH-13-95_ft,0.075,58.61457825
BH-13-95_ft,0.041499998,49.55931854
BH-13-95_ft,0.0298,46.78079987
BH-13-95_ft,0.021199999,45.39154053
BH-13-95_ft,0.0154,41.22375107
BH-13-95_ft,0.0114,37.75059891
BH-13-95_ft,0.0082,33.96735001
BH-13-95_ft,0.0059,30.84152031
BH-13-95_ft,0.0031,22.96492004
BH-13-95_ft,0.0013,17.11013031
BH-13-120_ft,12.5,100.0
BH-13-120_ft,9.5,99.09768677
BH-13-120_ft,4.75,97.32446289
BH-13-120_ft,2.0,90.0079422
BH-13-120_ft,0.84,84.85516357
BH-13-120_ft,0.425,80.36181641
BH-13-120_ft,0.25,75.45440674
BH-13-120_ft,0.15,69.56552887
BH-13-120_ft,0.1,65.53225708
BH-13-120_ft,0.075,61.40697098
BH-13-120_ft,0.042599998,48.26768875
BH-13-120_ft,0.0307,44.54291153
BH-13-120_ft,0.0222,39.70069885
BH-13-120_ft,0.016000001,35.97592926
BH-13-120_ft,0.0119,31.91859055
BH-13-120_ft,0.0086,27.82132912
BH-13-120_ft,0.0062,24.09655952
BH-13-120_ft,0.0031,18.29657936
BH-13-120_ft,0.0013,15.70248032
BH-13-140_ft,19.0,100.0
BH-13-140_ft,12.5,98.34229279
BH-13-140_ft,9.5,97.78546143
BH-13-140_ft,4.75,94.03648376
BH-13-140_ft,2.0,87.78391266
BH-13-140_ft,0.84,81.00572968
BH-13-140_ft,0.425,74.46434784
BH-13-140_ft,0.25,67.49378204
BH-13-140_ft,0.15,59.50204086
BH-13-140_ft,0.1,53.95222855
BH-13-140_ft,0.075,48.60961151
BH-13-140_ft,0.044199999,40.21292114
BH-13-140_ft,0.032200001,34.03110123
BH-13-140_ft,0.023,31.48564911
BH-13-140_ft,0.0165,28.97916031
BH-13-140_ft,0.0122,25.3427906
BH-13-140_ft,0.0088,22.07006073
BH-13-140_ft,0.0063,19.19993973
BH-13-140_ft,0.0032,14.22593021
BH-13-140_ft,0.0013,10.96613026
BH-14-5_ft,9.5,100.0
BH-14-5_ft,4.75,95.22998047
BH-14-5_ft,2.0,90.12896729
BH-14-5_ft,0.84,86.10186005
BH-14-5_ft,0.425,83.0076828
BH-14-5_ft,0.25,80.02233887
BH-14-5_ft,0.15,75.76200867
BH-14-5_ft,0.1,71.3306427
BH-14-5_ft,0.075,65.54653931
BH-14-5_ft,0.041200001,52.88296127
BH-14-5_ft,0.029899999,48.39976883
BH-14-5_ft,0.021500001,44.66376877
BH-14-5_ft,0.0155,40.92778015
BH-14-5_ft,0.0115,37.19179153
BH-14-5_ft,0.0083,34.20299149
BH-14-5_ft,0.006,30.09339905
BH-14-5_ft,0.003,24.90303993
BH-14-5_ft,0.0013,19.76601028
BH-14-10_ft,12.5,100.0
BH-14-10_ft,9.5,98.50643921
BH-14-10_ft,4.75,94.22942352
BH-14-10_ft,2.0,87.49140167
BH-14-10_ft,0.84,82.36721802
BH-14-10_ft,0.425,78.70919037
BH-14-10_ft,0.25,75.36218262
BH-14-10_ft,0.15,70.8303833
BH-14-10_ft,0.1,65.85428619
BH-14-10_ft,0.075,59.54531097
BH-14-10_ft,0.042100001,47.7166481
BH-14-10_ft,0.0306,42.63848114
BH-14-10_ft,0.0221,37.96191025
BH-14-10_ft,0.015799999,35.42282104
BH-14-10_ft,0.0117,32.52101135
BH-14-10_ft,0.0084,28.8937397
BH-14-10_ft,0.0061,25.26646996
BH-14-10_ft,0.0031,20.55102921
BH-14-10_ft,0.0013,16.28894997
BH-14-30_ft,12.5,100.0
BH-14-30_ft,9.5,98.25066376
BH-14-30_ft,4.75,94.27282715
BH-14-30_ft,2.0,87.88571167
BH-14-30_ft,0.84,82.31404877
BH-14-30_ft,0.425,78.52532196
BH-14-30_ft,0.25,75.06346893
BH-14-30_ft,0.15,70.99243927
BH-14-30_ft,0.1,67.81288147
BH-14-30_ft,0.075,63.8012886
BH-14-30_ft,0.040899999,53.08065033
BH-14-30_ft,0.0297,47.97874069
BH-14-30_ft,0.021400001,44.33451843
BH-14-30_ft,0.0154,41.41913986
BH-14-30_ft,0.0114,37.77492142
BH-14-30_ft,0.0082,34.13069916
BH-14-30_ft,0.0059,30.52552986
BH-14-30_ft,0.003,24.69478035
BH-14-30_ft,0.0013,19.28046036
BH-14-40_ft,19.0,100.0
BH-14-40_ft,12.5,95.724617
BH-14-40_ft,9.5,94.37875366
BH-14-40_ft,4.75,87.51235962
BH-14-40_ft,2.0,79.34844208
BH-14-40_ft,0.84,73.75335693
BH-14-40_ft,0.425,69.67928314
BH-14-40_ft,0.25,66.02617645
BH-14-40_ft,0.15,61.99283981
BH-14-40_ft,0.1,59.05950165
BH-14-40_ft,0.075,55.3928299
BH-14-40_ft,0.041700002,44.62480927
BH-14-40_ft,0.030200001,40.35179901
BH-14-40_ft,0.0217,37.72225189
BH-14-40_ft,0.015699999,33.41400909
BH-14-40_ft,0.0117,30.12708092
BH-14-40_ft,0.0084,26.21797943
BH-14-40_ft,0.006,22.93104935
BH-14-40_ft,0.0031,18.98671913
BH-14-40_ft,0.0013,14.76062012
BH-14-55_ft,19.0,100.0
BH-14-55_ft,12.5,98.85102081
BH-14-55_ft,9.5,96.36224365
BH-14-55_ft,4.75,92.82597351
BH-14-55_ft,2.0,86.61012268
BH-14-55_ft,0.84,81.59200287
BH-14-55_ft,0.425,76.99938965
BH-14-55_ft,0.25,71.58511353
BH-14-55_ft,0.15,65.48119354
BH-14-55_ft,0.1,61.84231949
BH-14-55_ft,0.075,58.27682114
BH-14-55_ft,0.041999999,47.57810974
BH-14-55_ft,0.030200001,43.99156952
BH-14-55_ft,0.021600001,42.19829178
BH-14-55_ft,0.015699999,37.17712021
BH-14-55_ft,0.0116,33.94923019
BH-14-55_ft,0.0084,30.00402069
BH-14-55_ft,0.006,27.13478088
BH-14-55_ft,0.0031,22.11362076
BH-14-55_ft,0.0013,16.86185074
BH-14-65_ft,9.5,100.0
BH-14-65_ft,4.75,95.03269196
BH-14-65_ft,2.0,88.21035004
BH-14-65_ft,0.84,82.90918732
BH-14-65_ft,0.425,78.4489975
BH-14-65_ft,0.25,72.06656647
BH-14-65_ft,0.15,63.9721489
BH-14-65_ft,0.1,59.22663116
BH-14-65_ft,0.075,55.21696854
BH-14-65_ft,0.0425,44.90299988
BH-14-65_ft,0.0307,40.89356995
BH-14-65_ft,0.0221,37.57406998
BH-14-65_ft,0.015900001,34.29362869
BH-14-65_ft,0.0118,30.64870071
BH-14-65_ft,0.0084,27.73274994
BH-14-65_ft,0.006,24.81679916
BH-14-65_ft,0.0031,19.96121025
BH-14-65_ft,0.0013,15.35293007
BH-14-80_ft,19.0,100.0
BH-14-80_ft,12.5,98.56218719
BH-14-80_ft,9.5,96.2766571
BH-14-80_ft,4.75,90.50466919
BH-14-80_ft,2.0,81.56617737
BH-14-80_ft,0.84,74.88970947
BH-14-80_ft,0.425,69.52642059
BH-14-80_ft,0.25,64.21840668
BH-14-80_ft,0.15,58.63396072
BH-14-80_ft,0.1,54.83264923
BH-14-80_ft,0.075,51.32162857
BH-14-80_ft,0.043299999,41.55004883
BH-14-80_ft,0.031300001,37.83892059
BH-14-80_ft,0.022399999,35.13991928
BH-14-80_ft,0.016100001,32.10354996
BH-14-80_ft,0.012,29.06716919
BH-14-80_ft,0.0086,26.36816978
BH-14-80_ft,0.0062,22.31966972
BH-14-80_ft,0.0031,17.13858986
BH-14-80_ft,0.0013,12.8008604
BH-14-95_ft,12.5,100.0
BH-14-95_ft,9.5,98.32303619
BH-14-95_ft,4.75,94.90413666
BH-14-95_ft,2.0,87.03069305
BH-14-95_ft,0.84,81.11313629
BH-14-95_ft,0.425,76.26878357
BH-14-95_ft,0.25,72.16972351
BH-14-95_ft,0.15,68.20480347
BH-14-95_ft,0.1,65.43232727
BH-14-95_ft,0.075,62.7791214
BH-14-95_ft,0.041099999,53.79750061
BH-14-95_ft,0.0298,49.82720184
BH-14-95_ft,0.021299999,47.66157913
BH-14-95_ft,0.0154,44.05221176
BH-14-95_ft,0.0114,41.16471863
BH-14-95_ft,0.0082,37.19441986
BH-14-95_ft,0.0059,33.94598007
BH-14-95_ft,0.003,26.23744011
BH-14-95_ft,0.0013,18.74795914
BH-14-115_ft,19.0,100.0
BH-14-115_ft,12.5,99.30130005
BH-14-115_ft,9.5,99.30130005
BH-14-115_ft,4.75,94.46563721
BH-14-115_ft,2.0,85.98648071
BH-14-115_ft,0.84,78.59481812
BH-14-115_ft,0.425,71.65245056
BH-14-115_ft,0.25,64.27528381
BH-14-115_ft,0.15,56.60823822
BH-14-115_ft,0.1,51.56452179
BH-14-115_ft,0.075,47.10052872
BH-14-115_ft,0.044399999,37.88983154
BH-14-115_ft,0.0317,35.76118088
BH-14-115_ft,0.0228,32.21343994
BH-14-115_ft,0.0165,27.95615005
BH-14-115_ft,0.0122,24.40840912
BH-14-115_ft,0.0088,21.5702095
BH-14-115_ft,0.0063,18.77002907
BH-14-115_ft,0.0032,13.95526028
BH-14-115_ft,0.0013,9.317793846
BH-14-175_ft,12.5,100.0
BH-14-175_ft,9.5,99.03019714
BH-14-175_ft,4.75,93.51629639
BH-14-175_ft,2.0,80.59971619
BH-14-175_ft,0.84,60.4851799
BH-14-175_ft,0.425,39.31369019
BH-14-175_ft,0.25,28.40519905
BH-14-175_ft,0.15,21.33728027
BH-14-175_ft,0.1,18.54561043
BH-14-175_ft,0.075,16.59305954
BH-14-175_ft,0.047499999,13.32234001
BH-14-175_ft,0.0339,11.92628002
BH-14-175_ft,0.0241,11.34934998
BH-14-175_ft,0.017200001,10.15272045
BH-14-175_ft,0.0126,9.155540466
BH-14-175_ft,0.009,8.357791901
BH-14-175_ft,0.0064,7.560044765
BH-14-175_ft,0.0032,5.850599766
BH-14-175_ft,0.0013,4.839136124
BH-14-195_ft,9.5,100.0
BH-14-195_ft,4.75,97.49913025
BH-14-195_ft,2.0,92.40605927
BH-14-195_ft,0.84,87.84056854
BH-14-195_ft,0.425,82.84854126
BH-14-195_ft,0.25,76.22937012
BH-14-195_ft,0.15,68.17262268
BH-14-195_ft,0.1,62.78565979
BH-14-195_ft,0.075,58.0306015
BH-14-195_ft,0.0427,47.93535995
BH-14-195_ft,0.0308,44.10752869
BH-14-195_ft,0.0221,41.04526901
BH-14-195_ft,0.016000001,36.45185852
BH-14-195_ft,0.0118,33.38959885
BH-14-195_ft,0.0085,30.32732964
BH-14-195_ft,0.0061,26.54051971
BH-14-195_ft,0.0031,20.83978081
BH-14-195_ft,0.0013,15.65849972
BH-14-237_ft,19.0,100.0
BH-14-237_ft,12.5,89.00039673
BH-14-237_ft,9.5,81.30918121
BH-14-237_ft,4.75,68.85250854
BH-14-237_ft,2.0,57.49732971
BH-14-237_ft,0.84,48.4093399
BH-14-237_ft,0.425,42.20595932
BH-14-237_ft,0.25,36.94805145
BH-14-237_ft,0.15,32.17250824
BH-14-237_ft,0.1,28.94058037
BH-14-237_ft,0.075,25.05261993
BH-14-237_ft,0.0462,19.33712006
BH-14-237_ft,0.033199999,16.95652962
BH-14-237_ft,0.023800001,15.05206013
BH-14-237_ft,0.017000001,13.62370968
BH-14-237_ft,0.0125,11.95730019
BH-14-237_ft,0.0089,11.03057957
BH-14-237_ft,0.0063,9.840289116
BH-14-237_ft,0.0032,7.7232728
BH-14-237_ft,0.0013,5.929312229
BH-14-240_ft,2.0,100.0
BH-14-240_ft,0.84,99.92669678
BH-14-240_ft,0.425,99.47772217
BH-14-240_ft,0.25,97.39775848
BH-14-240_ft,0.15,65.40116882
BH-14-240_ft,0.1,37.91268921
BH-14-240_ft,0.075,25.03891945
BH-14-240_ft,0.046799999,16.55685997
BH-14-240_ft,0.0337,13.84764004
BH-14-240_ft,0.024,12.49302959
BH-14-240_ft,0.017200001,10.68688011
BH-14-240_ft,0.0126,9.783810616
BH-14-240_ft,0.009,8.880736351
BH-14-240_ft,0.0064,7.97766304
BH-14-240_ft,0.0032,6.671439171
BH-14-240_ft,0.0013,5.171669006
BH-14-249_ft,2.0,100.0
BH-14-249_ft,0.84,99.98271179
BH-14-249_ft,0.425,99.87899017
BH-14-249_ft,0.25,99.70612335
BH-14-249_ft,0.15,99.4122467
BH-14-249_ft,0.1,99.15294647
BH-14-249_ft,0.075,98.91092682
BH-14-249_ft,0.044799998,40.72478104
BH-14-249_ft,0.0319,38.65633011
BH-14-249_ft,0.0228,36.17419052
BH-14-249_ft,0.0165,31.20990944
BH-14-249_ft,0.0122,26.65932083
BH-14-249_ft,0.0087,24.17719078
BH-14-249_ft,0.0062,21.32568932
BH-14-249_ft,0.0031,18.88788033
BH-14-249_ft,0.0013,15.2680397
